File Name,Category,Best_Fitness,Opt_r_min,Opt_eps,Opt_T0,Opt_Q,Entropy_R,Corr_Horizontal_R,Corr_Vertical_R,Corr_Diagonal_R,NPCR_R (%),UACI_R (%),Entropy_G,Corr_Horizontal_G,Corr_Vertical_G,Corr_Diagonal_G,NPCR_G (%),UACI_G (%),Entropy_B,Corr_Horizontal_B,Corr_Vertical_B,Corr_Diagonal_B,NPCR_B (%),UACI_B (%),Entropy,Corr_Horizontal,Corr_Vertical,Corr_Diagonal,NPCR (%),UACI (%),Enc_Time (s),Dec_Time (s),HO_Time (s),Lossless
I04_04_01.png,high,0.000434,3.9899,0.01,594,2,7.99898,-0.00045,0.00067,-0.0001,99.24825,33.40906,7.99909,-0.0006,-0.00073,0.00073,99.26097,33.52452,7.99917,0.00072,-0.00033,-0.00246,99.24418,33.39379,7.99908,-0.00011,-0.00013,-0.00061,99.25113,33.44246,1.0325,1.2907,1369.17,True
I05_01_02.png,high,0.000375,3.99,0.00334,1917,106,7.99916,-0.00035,-0.00039,-0.00132,99.38253,33.52782,7.9992,0.00161,-0.00021,-9e-05,99.38965,33.39948,7.99909,-0.00011,0.00168,4e-05,99.41915,33.54336,7.99915,0.00038,0.00036,-0.00046,99.39711,33.49022,1.2833,1.3374,1621.33,True
I05_20_02.png,high,0.000452,3.78505,0.00272,500,193,7.99916,0.00231,-0.00037,-0.0,98.93901,33.41448,7.99896,0.00137,0.00104,-2e-05,98.90442,33.50593,7.99907,0.00033,0.00101,-0.00063,98.92273,33.47548,7.99906,0.00133,0.00056,-0.00022,98.92205,33.46529,1.2632,1.3491,1631.6,True
I08_18_01.png,high,0.000445,3.99,0.00735,2419,20,7.99896,-0.00036,-0.00136,-0.00159,98.77421,33.44709,7.99904,0.00036,0.00056,-0.00162,98.7498,33.35353,7.99911,0.00019,-0.00016,-0.00073,98.74674,33.43121,7.99904,6e-05,-0.00032,-0.00131,98.75692,33.41061,1.2591,1.2337,1634.28,True
I13_17_03.png,high,0.000454,3.99,0.00819,1243,64,7.999,-0.00048,-0.00099,-0.00029,98.73657,33.47161,7.99896,0.00099,3e-05,-0.00022,98.7442,33.50365,7.9991,0.00052,-0.00083,-0.00273,98.73047,33.38743,7.99902,0.00034,-0.0006,-0.00108,98.73708,33.45423,1.274,1.3153,1613.38,True
I15_19_02.png,high,0.000368,3.57,0.0,500,80,7.99909,0.00094,-0.0001,0.00034,99.16738,33.45803,7.99915,-6e-05,-0.00072,0.001,99.20146,33.46379,7.99902,0.00021,0.0004,-0.00181,99.2335,33.441,7.99909,0.00037,-0.00014,-0.00016,99.20078,33.45427,1.2221,1.3264,1608.45,True
I16_16_01.png,high,0.000357,3.59396,0.00648,2169,2,7.99907,-0.00069,-0.00031,0.00079,99.13788,33.47415,7.9991,-0.0014,0.00084,0.00057,99.11194,33.49121,7.99909,0.00018,-0.00055,7e-05,99.11245,33.44686,7.99909,-0.00064,-1e-05,0.00048,99.12075,33.47074,1.1929,1.233,1621.73,True
I16_18_05.png,high,0.000327,3.57,0.01,500,11,7.99906,-0.0006,-0.00056,0.0,98.79049,33.42958,7.99914,-0.00057,-0.00098,8e-05,98.8266,33.47561,7.99911,-0.00048,-0.0004,0.00119,98.77981,33.4769,7.9991,-0.00055,-0.00065,0.00042,98.79896,33.4607,1.1582,1.1637,1627.89,True
I21_06_02.png,high,0.000426,3.57,0.00955,2359,45,7.99904,0.00054,0.00084,0.00022,98.78387,33.46977,7.99907,-0.00044,-0.00134,0.00112,98.7559,33.53939,7.99897,0.00052,-0.00152,3e-05,98.78489,33.43505,7.99903,0.00021,-0.00068,0.00046,98.77489,33.4814,1.2497,1.293,1625.08,True
I26_04_01.png,high,0.000405,3.6669,0.00956,500,1,7.99915,-0.00038,0.00075,6e-05,99.14195,33.52092,7.99895,-0.00214,0.00199,-0.00028,99.14856,33.47856,7.99909,7e-05,0.00024,0.00034,99.08549,33.39846,7.99906,-0.00082,0.00099,4e-05,99.12533,33.46598,1.2317,1.3094,1633.77,True
I26_05_01.png,high,0.000367,3.99,0.00863,1922,105,7.99902,-0.00076,0.00132,-0.00073,99.06311,33.45267,7.99874,-0.00039,0.00015,-0.00032,99.06108,33.52473,7.99901,-0.00071,0.00071,0.00028,99.04378,33.39717,7.99892,-0.00062,0.00073,-0.00026,99.05599,33.45819,1.2579,1.2969,1598.04,True
I27_17_04.png,high,0.000466,3.99,0.00485,1826,112,7.99898,0.00012,0.00096,-0.00058,99.62006,33.38496,7.99907,0.00022,-0.00203,-0.00139,99.59564,33.41924,7.99916,0.00171,0.00019,0.00014,99.61802,33.44248,7.99907,0.00068,-0.00029,-0.00061,99.61124,33.41556,1.2478,1.2711,1615.02,True
I31_14_02.png,high,0.000409,3.99,0.00921,573,7,7.999,-3e-05,0.00133,0.00154,99.21926,33.43286,7.99905,0.00013,-0.00031,0.00163,99.17145,33.55137,7.99906,0.00016,0.00086,0.0003,99.1979,33.51221,7.99903,9e-05,0.00063,0.00116,99.1962,33.49882,1.2755,1.2984,1638.61,True
I39_10_02.png,high,0.00042,3.7436,0.00845,1845,243,7.99912,-0.00052,-0.00033,0.00063,99.37948,33.49995,7.99912,0.00153,0.00114,0.00109,99.39575,33.45201,7.9992,0.00018,-0.00016,0.00101,99.3693,33.37795,7.99915,0.0004,0.00022,0.00091,99.38151,33.44331,1.3143,1.2873,1622.05,True
I40_16_02.png,high,0.00044,3.84955,0.00625,1759,256,7.99899,0.00059,-0.00164,0.00057,98.77981,33.46852,7.99912,-0.00074,-0.00064,0.00052,98.76251,33.60033,7.99897,0.00149,0.00043,0.00021,98.77574,33.48558,7.99903,0.00045,-0.00061,0.00043,98.77268,33.51814,1.1804,1.3023,1626.08,True
I41_22_04.png,high,0.000397,3.92597,0.00848,2619,217,7.99914,0.00093,-0.00027,0.00044,99.15415,33.40333,7.99899,0.00168,0.00048,-0.00022,99.18315,33.52525,7.99902,1e-05,-0.00136,-0.0007,99.19993,33.50636,7.99905,0.00087,-0.00038,-0.00016,99.17908,33.47832,1.2599,1.2774,1605.51,True
I45_10_01.png,high,0.00035,3.95561,0.00111,901,23,7.99907,1e-05,-0.00067,-0.00065,99.20298,33.43915,7.99899,0.00206,0.00022,-0.00057,99.15721,33.43048,7.99899,-0.00019,0.00012,0.00071,99.17501,33.44704,7.99902,0.00063,-0.00011,-0.00017,99.1784,33.43889,1.2921,1.2874,1602.71,True
I48_14_01.png,high,0.000377,3.82161,0.00404,583,94,7.99895,0.0017,-0.00082,-0.00113,99.24266,33.49229,7.99898,-0.00032,-0.0,-0.00035,99.24622,33.50122,7.99897,0.00019,-0.0011,-2e-05,99.24215,33.40832,7.99896,0.00053,-0.00064,-0.0005,99.24367,33.46728,0.4375,0.44,1572.78,True
I52_06_01.png,high,0.00043,3.75749,0.0,2642,234,7.999,-0.00034,-0.00159,-0.00101,99.28741,33.43897,7.99916,-0.00029,0.00021,0.00205,99.29454,33.51099,7.99906,-0.00041,1e-05,-0.00079,99.33217,33.46332,7.99907,-0.00035,-0.00046,8e-05,99.30471,33.47109,1.1749,1.1227,1141.96,True
I57_01_01.png,high,0.000417,3.9899,0.01,1763,166,7.99905,-0.0001,0.00022,-0.00021,99.22791,33.43913,7.9991,0.00188,-0.00137,0.00076,99.25385,33.45159,7.99902,0.00017,0.00069,0.00104,99.20654,33.38257,7.99906,0.00065,-0.00015,0.00053,99.22943,33.42443,0.4122,0.4247,1030.63,True
I57_20_01.png,high,0.000366,3.99,0.01,3000,256,7.99902,0.00098,-0.00029,-0.00102,99.43644,33.45962,7.99916,0.00013,0.0007,-0.0009,99.43797,33.4351,7.99912,-0.00025,-5e-05,0.00126,99.4044,33.52126,7.9991,0.00029,0.00012,-0.00022,99.42627,33.47199,0.4181,0.4136,530.43,True
I60_25_03.png,high,0.00042,3.58483,0.00465,1346,105,7.99926,-0.00025,-0.00179,-0.00097,99.5575,33.5013,7.99914,-0.00117,9e-05,0.00083,99.54274,33.46965,7.99908,0.00068,-0.00069,0.00014,99.57275,33.54645,7.99916,-0.00025,-0.00079,-0.0,99.55766,33.5058,0.4148,0.4177,552.81,True
I64_18_01.png,high,0.000383,3.99,0.0015,947,62,7.99911,0.00095,0.00049,0.00091,99.37236,33.37323,7.99906,0.00079,-0.00047,0.00079,99.4044,33.54302,7.99911,-2e-05,-0.00021,0.00122,99.38456,33.47896,7.99909,0.00058,-6e-05,0.00097,99.38711,33.46507,0.4221,0.4124,519.77,True
I65_09_01.png,high,0.000319,3.57,0.00572,1559,106,7.99908,-0.00018,-0.00116,-0.00023,99.19128,33.49737,7.99902,-0.00077,-0.0006,-0.00016,99.18162,33.38217,7.99903,0.00026,-0.00087,0.00042,99.21977,33.49726,7.99904,-0.00023,-0.00088,1e-05,99.19756,33.45893,0.4136,0.408,518.98,True
I69_20_04.png,high,0.000377,3.63502,0.00191,2808,79,7.99912,0.00111,-0.00032,0.00047,99.13991,33.51088,7.99907,0.00023,-0.0014,-0.00017,99.1155,33.3955,7.99917,0.00062,0.00067,0.0008,99.14093,33.54298,7.99912,0.00065,-0.00035,0.00037,99.13211,33.48312,0.4147,0.4191,519.56,True
I70_08_02.png,high,0.000413,3.84365,0.0,719,256,7.99897,0.0012,-0.00015,-0.00142,99.3632,33.47369,7.999,0.00087,0.00025,-1e-05,99.36829,33.51413,7.99901,-0.00059,-0.00027,-0.00155,99.38456,33.50099,7.99899,0.00049,-6e-05,-0.00099,99.37202,33.49627,0.4162,0.4139,528.74,True
I73_10_02.png,high,0.000364,3.99,0.0012,1258,246,7.99884,0.00062,0.0003,2e-05,99.14296,33.36344,7.99909,0.00065,0.00062,-0.00177,99.12211,33.45325,7.99902,-0.00112,0.00024,7e-05,99.18874,33.49292,7.99898,5e-05,0.00039,-0.00056,99.15127,33.43654,0.3997,0.4043,518.09,True
I78_03_01.png,high,0.0003,3.57,0.0046,500,1,7.99879,-0.00015,-0.00045,0.0002,99.20044,33.45131,7.9991,2e-05,0.00074,0.00027,99.14653,33.44179,7.99916,-0.00053,-0.0014,0.00053,99.14551,33.38186,7.99902,-0.00022,-0.00037,0.00033,99.16416,33.42499,0.4065,0.4225,518.27,True
I80_18_02.png,high,0.000381,3.68811,0.00988,539,23,7.99909,0.00029,-0.00112,0.00062,98.84389,33.40579,7.99912,0.00062,-0.0003,-0.00042,98.80168,33.43044,7.99921,-0.0009,0.00087,0.00075,98.78337,33.49004,7.99914,1e-05,-0.00018,0.00032,98.80964,33.44209,0.4038,0.4144,518.34,True
I81_18_03.png,high,0.000458,3.57,0.0041,1272,82,7.99906,0.0001,-0.00021,-0.0003,99.2274,33.52023,7.99916,-9e-05,-0.00038,0.00131,99.25232,33.40477,7.99901,0.00114,-0.00284,-0.00083,99.24774,33.46047,7.99908,0.00038,-0.00115,6e-05,99.24249,33.46183,0.4215,0.4135,518.69,True
I01_25_05.png,medium,0.000395,3.99,0.0,727,1,7.99901,0.00163,0.00093,-0.00019,99.38405,33.38464,7.99905,0.00027,0.00043,0.00087,99.30878,33.4999,7.99904,-0.00013,-0.00074,0.00082,99.33472,33.53607,7.99903,0.00059,0.00021,0.0005,99.34252,33.47354,0.4101,0.4129,520.26,True
I02_14_02.png,medium,0.000491,3.81366,0.00275,987,158,7.99901,0.00162,-0.00042,-0.00076,99.42932,33.50552,7.99905,0.00014,0.0009,0.00136,99.40796,33.52263,7.99906,0.00161,7e-05,0.00089,99.43288,33.40057,7.99904,0.00112,0.00018,0.0005,99.42339,33.47624,0.4374,0.418,518.36,True
I04_14_03.png,medium,0.000418,3.81758,0.00621,634,1,7.99903,0.00029,-0.00024,1e-05,99.32149,33.41927,7.99895,0.00183,-0.00082,1e-05,99.33573,33.52252,7.99912,9e-05,0.00164,0.00151,99.33116,33.48139,7.99903,0.00074,0.0002,0.00051,99.32946,33.4744,0.4099,0.4062,519.34,True
I04_21_04.png,medium,0.000452,3.98223,0.00121,600,33,7.99908,-0.00085,-0.00183,0.00108,99.37948,33.43808,7.99906,-0.00027,-0.00017,0.00091,99.3749,33.47706,7.99921,-0.00019,0.00057,-0.00128,99.40999,33.44487,7.99912,-0.00044,-0.00048,0.00024,99.38812,33.45334,0.4063,0.4112,517.97,True
I05_13_02.png,medium,0.000376,3.99,0.00616,1583,1,7.99893,-0.00114,0.00134,-0.0001,99.13432,33.6228,7.99908,-6e-05,5e-05,-0.00051,99.14042,33.52149,7.99906,-0.00047,-0.00119,-0.00079,99.09465,33.39916,7.99902,-0.00056,7e-05,-0.00047,99.12313,33.51448,0.419,0.4207,518.57,True
I06_11_04.png,medium,0.000407,3.96329,0.00599,740,22,7.99904,0.00027,-0.00037,0.00121,98.8088,33.43231,7.99913,-0.00032,0.00053,-0.00162,98.8032,33.46327,7.99906,-0.0005,0.00044,-0.00103,98.80727,33.45419,7.99908,-0.00018,0.0002,-0.00048,98.80642,33.44993,0.4065,0.414,517.79,True
I09_02_01.png,medium,0.000372,3.87436,0.00725,2312,186,7.99879,0.00095,-0.0003,0.00042,99.29962,33.48928,7.99908,0.00033,-0.00151,0.00032,99.29148,33.49686,7.99915,0.00093,0.00061,-0.00022,99.27419,33.47309,7.99901,0.00074,-0.0004,0.00017,99.28843,33.48641,0.4098,0.4086,518.24,True
I10_25_02.png,medium,0.000431,3.99,0.00422,1683,31,7.99918,-0.00012,0.00236,-0.00111,98.91968,33.44681,7.99913,0.00174,0.00042,3e-05,98.89018,33.49302,7.99926,-0.00044,0.0006,-1e-05,98.91764,33.41015,7.99919,0.00039,0.00113,-0.00037,98.90917,33.44999,0.4083,0.4067,518.57,True
I19_25_05.png,medium,0.000332,3.99,0.00904,500,1,7.999,-0.00027,-0.00036,0.00023,99.34998,33.48168,7.99891,0.00137,-0.00039,-0.00036,99.2981,33.46131,7.99894,-0.00081,4e-05,0.00096,99.28131,33.53968,7.99895,0.0001,-0.00023,0.00028,99.30979,33.49422,0.4119,0.4141,519.51,True
I23_08_02.png,medium,0.000287,3.99,0.0098,940,6,7.99897,0.00086,7e-05,0.00013,98.83881,33.42255,7.99911,0.00072,-8e-05,0.00011,98.87238,33.45974,7.99899,-0.00085,0.00093,0.00033,98.81795,33.40294,7.99902,0.00024,0.00031,0.00019,98.84304,33.42841,0.4066,0.4213,519.44,True
I24_25_05.png,medium,0.000406,3.99,0.00284,1055,7,7.99918,-0.00032,-0.0005,-0.00112,98.85763,33.56741,7.99873,0.00025,-0.00013,-0.00224,98.86373,33.44716,7.99907,-4e-05,0.0007,-0.00088,98.87644,33.37108,7.99899,-4e-05,2e-05,-0.00141,98.86593,33.46188,0.4112,0.4158,518.09,True
I32_05_02.png,medium,0.000418,3.84635,0.00658,2145,169,7.99913,-0.00114,0.00011,-0.00045,99.37541,33.4483,7.99906,-0.00044,0.00032,0.00155,99.39931,33.41313,7.99917,-0.00029,-0.00016,0.00206,99.3927,33.47969,7.99912,-0.00063,9e-05,0.00105,99.38914,33.44704,0.4171,0.4115,519.33,True
I32_16_03.png,medium,0.000377,3.57995,0.0,503,1,7.99907,-0.00062,0.0001,-0.00042,99.35455,33.39308,7.99908,0.00053,-0.00157,-0.00045,99.35964,33.44087,7.9991,-0.00085,0.00121,2e-05,99.37134,33.44755,7.99909,-0.00032,-9e-05,-0.00028,99.36184,33.42717,0.4221,0.4204,519.47,True
I37_11_01.png,medium,0.000339,3.67636,0.01,521,6,7.999,-0.00063,0.00015,0.00066,98.95833,33.55612,7.99915,0.00182,0.00057,0.0004,98.98275,33.43111,7.99912,0.00022,0.00015,-0.00047,98.96952,33.41161,7.99909,0.00047,0.00029,0.0002,98.9702,33.46628,0.4151,0.4113,518.82,True
I44_07_01.png,medium,0.00033,3.88001,0.00382,1431,60,7.99914,-0.00157,-0.00038,-0.00059,99.25385,33.40276,7.99903,0.00011,-0.00011,-1e-05,99.27775,33.44574,7.99918,-0.00048,0.00017,-0.00153,99.27826,33.52701,7.99911,-0.00065,-0.00011,-0.00071,99.26995,33.4585,0.4011,0.4097,519.67,True
I44_13_04.png,medium,0.000416,3.9899,0.01,1569,138,7.99907,0.00016,0.00034,-6e-05,99.29504,33.43219,7.99922,0.00044,0.00209,0.00049,99.33523,33.58554,7.99905,0.00022,-0.00053,0.00215,99.32912,33.51644,7.99911,0.00027,0.00063,0.00086,99.3198,33.51139,0.417,0.4077,520.51,True
I48_13_03.png,medium,0.000362,3.99,0.00986,500,1,7.99906,0.00032,-4e-05,0.00013,99.00513,33.5115,7.99912,-0.00108,0.00175,-0.00117,99.01683,33.46799,7.99924,-0.00045,-0.00042,0.00019,99.00716,33.383,7.99914,-0.0004,0.00043,-0.00028,99.0097,33.45416,0.4089,0.4169,520.56,True
I49_08_04.png,medium,0.000457,3.84562,0.00459,1575,17,7.99902,0.0006,-0.00019,0.00015,99.04327,33.28996,7.99903,-0.00148,-0.00031,0.00018,99.02293,33.49124,7.99899,0.00192,0.00168,0.00061,99.02089,33.45732,7.99901,0.00035,0.00039,0.00031,99.02903,33.41284,0.4043,0.4178,520.41,True
I53_21_03.png,medium,0.0004,3.79871,0.00932,1720,38,7.99902,0.00029,0.00041,0.00109,99.24164,33.46236,7.99905,0.00226,0.00087,-0.00018,99.22791,33.48823,7.99906,5e-05,-0.00016,0.00081,99.24113,33.47782,7.99904,0.00087,0.00037,0.00057,99.23689,33.47613,0.4136,0.4177,521.12,True
I56_25_04.png,medium,0.000396,3.99,0.0091,797,62,7.99914,-0.00127,-4e-05,-0.00033,98.65875,33.51951,7.99905,-0.00071,-0.00022,0.00137,98.68571,33.37877,7.99903,-0.00026,0.00089,-0.001,98.68215,33.45538,7.99907,-0.00075,0.00021,2e-05,98.67554,33.45122,0.4088,0.4165,520.94,True
I57_16_03.png,medium,0.000413,3.99,0.0,3000,115,7.99895,-0.0008,0.00121,-0.00129,99.40847,33.35434,7.99905,0.0,-0.00058,0.00043,99.41305,33.51099,7.9991,-0.00069,0.00044,-0.0009,99.44204,33.42808,7.99903,-0.0005,0.00036,-0.00059,99.42118,33.43114,0.4156,0.4144,521.82,True
I60_13_04.png,medium,0.000347,3.99,0.00982,500,1,7.9992,0.00126,9e-05,0.00023,98.9858,33.47515,7.99917,1e-05,-0.0002,-0.00133,99.01835,33.42369,7.99917,0.00012,-0.00042,-0.00166,98.96037,33.45728,7.99918,0.00046,-0.00018,-0.00092,98.98817,33.45204,0.4179,0.4242,521.38,True
I61_22_05.png,medium,0.000337,3.57,0.01,500,7,7.99898,0.0004,-0.00109,-0.00019,98.91307,33.45356,7.99914,-0.00062,-0.00154,5e-05,98.87746,33.42877,7.9991,0.00029,-0.00016,-0.00069,98.86983,33.42231,7.99908,2e-05,-0.00093,-0.00028,98.88679,33.43488,0.4041,0.4073,521.84,True
I62_12_04.png,medium,0.000445,3.99,0.00741,1082,172,7.99909,-0.00143,0.00011,-9e-05,99.21875,33.37391,7.99911,1e-05,0.00096,0.00028,99.2218,33.45758,7.99897,0.00021,0.00058,0.00327,99.19383,33.4485,7.99906,-0.0004,0.00055,0.00115,99.21146,33.42666,0.4146,0.4146,522.13,True
I65_13_01.png,medium,0.000388,3.61263,9e-05,525,4,7.99918,-0.00063,-0.00033,0.00095,98.8678,33.44921,7.99901,0.00076,0.0007,-0.00108,98.87594,33.48348,7.99908,-0.00058,0.00059,-0.00036,98.91052,33.47886,7.99909,-0.00015,0.00032,-0.00016,98.88475,33.47052,0.409,0.4167,522.71,True
I71_12_02.png,medium,0.000407,3.88194,0.00302,2606,112,7.99904,-0.00085,-0.00036,0.00173,99.45475,33.51908,7.99926,0.00052,-4e-05,8e-05,99.44814,33.49727,7.99901,0.00117,-0.00042,-0.00115,99.48374,33.43688,7.99911,0.00028,-0.00027,0.00022,99.46221,33.48441,0.4134,0.4346,522.01,True
I73_03_03.png,medium,0.000392,3.66197,0.01,523,14,7.99897,-0.00109,-0.00025,-0.00226,99.15161,33.46397,7.99916,0.00037,0.00054,-0.00039,99.12771,33.4191,7.99909,-0.00042,0.00026,0.00046,99.13686,33.41395,7.99907,-0.00038,0.00018,-0.00073,99.13873,33.43234,0.4162,0.4147,521.87,True
I75_07_01.png,medium,0.000398,3.99,0.00933,1586,234,7.99902,0.00131,-0.00058,-0.00137,99.26656,33.49931,7.99918,6e-05,-0.00127,3e-05,99.22282,33.47479,7.99916,0.00076,-0.00063,0.00016,99.22536,33.42842,7.99912,0.00071,-0.00083,-0.00039,99.23825,33.4675,0.4031,0.4171,521.19,True
I79_05_04.png,medium,0.000383,3.57,0.00937,500,239,7.99899,-0.00059,0.00016,-0.00063,99.27775,33.56076,7.99892,0.00178,-0.00022,-0.00088,99.22231,33.39129,7.99896,0.00054,0.00026,-0.00067,99.25385,33.49339,7.99896,0.00058,7e-05,-0.00073,99.2513,33.48181,0.4195,0.4153,532.54,True
I81_13_01.png,medium,0.00046,3.57416,1e-05,502,1,7.99918,0.00023,0.00182,0.00076,99.16738,33.42517,7.999,0.00018,0.00147,-0.00062,99.16026,33.4797,7.9989,-0.00051,0.00096,0.00064,99.15721,33.43659,7.99903,-3e-05,0.00142,0.00026,99.16161,33.44715,0.4037,0.4143,521.9,True
I02_01_05.png,low,0.000452,3.99,0.00603,803,120,7.99907,-0.00083,0.00036,-0.00027,99.12262,33.36908,7.99907,-0.0013,0.00164,0.00043,99.13635,33.43299,7.99911,-0.00028,-0.00191,-9e-05,99.11143,33.48282,7.99908,-0.0008,3e-05,3e-05,99.12347,33.4283,0.4042,0.4164,522.65,True
I02_08_04.png,low,0.000444,3.57,0.00865,500,1,7.99914,0.00015,-0.0014,0.00089,99.03158,33.49885,7.99897,0.00048,0.00201,-0.0001,99.05039,33.49548,7.99906,-0.00104,-0.00068,-0.00018,99.00309,33.39535,7.99906,-0.00014,-2e-05,0.0002,99.02835,33.46322,0.4088,0.4107,520.73,True
I05_03_05.png,low,0.000337,3.99,0.00037,852,1,7.99891,0.0012,-0.00016,0.00042,98.90493,33.44515,7.999,-0.00029,0.00084,0.00098,98.92375,33.45022,7.9991,0.00055,0.0003,0.0002,98.94409,33.44516,7.999,0.00049,0.00033,0.00053,98.92426,33.44684,0.4056,0.4129,519.61,True
I08_04_04.png,low,0.000377,3.9899,0.01,1052,43,7.99916,-3e-05,0.0015,0.00037,98.78743,33.43134,7.99901,0.0008,0.00011,0.00178,98.77625,33.48577,7.99906,-0.00035,0.00051,-0.00028,98.80981,33.41015,7.99908,0.00014,0.00071,0.00062,98.79116,33.44242,0.4017,0.4158,519.17,True
I10_01_04.png,low,0.000406,3.68917,0.00163,1026,126,7.99903,-0.00014,0.00018,-0.00024,99.47357,33.51686,7.99906,-0.00228,0.00025,-0.00059,99.49544,33.46606,7.99902,0.00224,-3e-05,-0.00028,99.49748,33.49916,7.99904,-6e-05,0.00013,-0.00037,99.48883,33.49403,0.4171,0.4107,521.31,True
I11_02_04.png,low,0.000383,3.57,0.00574,500,61,7.99905,-9e-05,-4e-05,0.0027,98.77268,33.50128,7.99917,4e-05,-0.00028,0.00029,98.69792,33.3741,7.99905,0.00125,0.00017,0.00101,98.73606,33.49508,7.99909,0.0004,-5e-05,0.00133,98.73556,33.45682,0.4062,0.4111,519.9,True
I18_07_02.png,low,0.000395,3.77131,0.01,2277,256,7.99906,-0.00137,8e-05,-0.00121,99.18823,33.41422,7.99907,0.00202,0.00019,1e-05,99.20502,33.48877,7.99915,-0.00041,0.00041,-0.0004,99.1628,33.45735,7.99909,8e-05,0.00023,-0.00053,99.18535,33.45345,0.4193,0.4132,519.29,True
I18_12_05.png,low,0.000415,3.57,0.0003,500,14,7.99914,0.00045,-0.00114,-0.00066,99.22434,33.42627,7.99905,-0.00037,0.00022,0.00039,99.21163,33.48861,7.99895,-0.00041,-0.00203,-0.00073,99.20197,33.40678,7.99905,-0.00011,-0.00098,-0.00033,99.21265,33.44055,0.4112,0.4058,518.97,True
I20_13_04.png,low,0.000379,3.9899,0.01,1317,92,7.99896,0.00021,-0.00092,0.00077,98.63586,33.54892,7.99889,0.00059,0.00035,0.00091,98.61552,33.48424,7.99896,-0.00033,0.00024,0.00132,98.59619,33.43139,7.99894,0.00016,-0.00011,0.001,98.61586,33.48818,0.4149,0.4148,519.75,True
I21_04_04.png,low,0.000396,3.99,0.00824,560,1,7.99906,0.00118,0.00015,-0.0,99.29555,33.51486,7.99891,0.0007,-0.00088,-0.00181,99.31234,33.40347,7.99913,0.00022,0.00107,-2e-05,99.31946,33.48221,7.99904,0.0007,0.00011,-0.00061,99.30912,33.46685,0.4101,0.4115,518.5,True
I27_21_05.png,low,0.000372,3.64934,0.0016,1895,93,7.99902,0.0016,0.00105,4e-05,99.04683,33.52675,7.99887,-0.0006,-0.00073,0.00024,99.04683,33.44219,7.99913,-0.00108,0.00011,-0.00013,99.02547,33.484,7.99901,-2e-05,0.00014,5e-05,99.03971,33.48431,0.4019,0.4045,519.6,True
I29_03_05.png,low,0.000407,3.99,0.00037,2390,94,7.99897,0.00056,-4e-05,-0.00032,99.13534,33.38401,7.99903,-0.00019,0.00228,0.00028,99.12465,33.5372,7.99912,0.00085,-0.00098,0.00074,99.13279,33.45393,7.99904,0.00041,0.00042,0.00023,99.13093,33.45838,0.414,0.4129,519.96,True
I33_14_03.png,low,0.000408,3.59043,0.00049,622,13,7.99898,-0.00072,-0.00136,-0.00178,99.21061,33.30752,7.99919,-0.0003,0.0003,0.00036,99.22129,33.47693,7.99907,-0.00032,0.00022,0.00095,99.23096,33.48957,7.99908,-0.00045,-0.00028,-0.00016,99.22095,33.42467,0.4143,0.4138,519.67,True
I39_21_03.png,low,0.000243,3.99,0.00856,2470,75,7.99901,0.00019,0.00019,-0.00049,98.65519,33.43874,7.99903,0.00055,0.00037,-7e-05,98.70555,33.41646,7.99911,0.00044,-0.0008,-0.0002,98.64451,33.46224,7.99905,0.0004,-8e-05,-0.00025,98.66842,33.43915,0.4059,0.4029,519.89,True
I40_19_05.png,low,0.000404,3.73467,0.00553,1854,1,7.99901,-0.00024,0.00045,0.00075,99.15314,33.33719,7.99911,-0.00055,0.00197,-0.00062,99.13483,33.39053,7.99906,-0.00077,-0.00087,1e-05,99.14805,33.48964,7.99906,-0.00052,0.00051,5e-05,99.14534,33.40578,0.404,0.4112,519.23,True
I41_02_05.png,low,0.000425,3.96939,0.00904,1970,196,7.99907,-0.00073,0.00083,-0.00018,98.99851,33.44494,7.99904,-0.00077,0.00185,0.00023,98.98427,33.39473,7.99917,-0.00173,-0.00025,6e-05,98.96851,33.37113,7.99909,-0.00108,0.00081,4e-05,98.98376,33.4036,0.4223,0.4201,519.67,True
I41_16_04.png,low,0.000323,3.9899,0.01,2931,220,7.99913,-0.00055,-0.0012,-7e-05,99.13432,33.50477,7.99916,-0.00119,0.00051,-2e-05,99.10431,33.3664,7.999,0.00057,-0.00028,-0.00041,99.12109,33.45457,7.9991,-0.00039,-0.00032,-0.00017,99.11991,33.44191,0.4067,0.4151,518.92,True
I44_03_05.png,low,0.00046,3.57,0.0015,1487,123,7.99914,-0.00118,0.00225,-1e-05,98.77014,33.49631,7.99906,-0.00045,-0.00023,-0.00095,98.81337,33.45266,7.99918,0.00022,0.00184,-0.00017,98.81083,33.49213,7.99913,-0.00047,0.00129,-0.00038,98.79812,33.48037,0.4049,0.4118,519.55,True
I44_15_03.png,low,0.00043,3.57,0.00476,758,1,7.99917,0.00047,0.00078,0.00049,99.24164,33.37924,7.99913,0.00101,0.0002,-0.00112,99.27877,33.53505,7.99915,0.00089,-0.00145,-0.00036,99.26453,33.41966,7.99915,0.00079,-0.00015,-0.00033,99.26164,33.44465,0.4151,0.4219,520.67,True
I48_23_04.png,low,0.000367,3.99,0.00614,2187,184,7.99906,0.00049,0.00075,0.00072,99.2101,33.4816,7.99911,0.00078,0.00024,0.00077,99.21672,33.37023,7.99884,0.00143,-0.00027,3e-05,99.19637,33.46452,7.999,0.0009,0.00024,0.00051,99.20773,33.43878,0.415,0.4243,519.14,True
I50_07_03.png,low,0.000431,3.65663,6e-05,1475,123,7.99905,0.00075,0.00148,-0.0008,99.41406,33.41128,7.99907,-0.00057,-4e-05,0.00226,99.38304,33.43915,7.99923,-3e-05,0.00016,0.00068,99.38558,33.53773,7.99912,5e-05,0.00053,0.00071,99.39423,33.46272,0.4044,0.4214,518.71,True
I56_16_05.png,low,0.000343,3.9899,0.01,3000,256,7.99906,0.0005,-0.0005,-0.00013,99.20095,33.5205,7.99911,-0.00032,0.00018,0.00035,99.25079,33.49272,7.99905,-0.00168,0.00015,0.00133,99.27979,33.48185,7.99907,-0.0005,-6e-05,0.00052,99.24384,33.49836,0.4168,0.4109,518.51,True
I61_02_04.png,low,0.000398,3.86211,0.00696,2239,178,7.99904,0.00059,0.00194,-7e-05,99.30471,33.42066,7.99904,0.00044,0.00037,-0.00037,99.34184,33.49057,7.99904,0.00013,0.00083,-0.00134,99.3693,33.42675,7.99904,0.00039,0.00105,-0.00059,99.33862,33.44599,0.4055,0.4206,517.87,True
I66_10_04.png,low,0.000456,3.57,0.01,500,2,7.99909,-0.00022,-0.0001,0.00103,98.88102,33.49392,7.99912,0.00083,0.00014,-0.00273,98.87288,33.44842,7.99919,-0.00038,-0.00131,0.0005,98.84898,33.4729,7.99913,8e-05,-0.00043,-0.0004,98.86763,33.47175,0.4071,0.409,519.09,True
I73_10_05.png,low,0.000277,3.99,0.00043,1316,30,7.99907,0.00083,0.00038,0.0,99.2513,33.48351,7.99908,0.00028,-0.00099,-0.00026,99.27419,33.42267,7.99905,-0.00068,0.00016,0.00034,99.23197,33.48126,7.99907,0.00014,-0.00015,3e-05,99.25249,33.46248,0.4061,0.427,518.97,True
I74_04_04.png,low,0.000319,3.58299,0.00992,935,254,7.99903,0.00058,-0.00013,-0.00076,99.05243,33.46248,7.99907,-0.00205,0.00055,0.00023,99.08091,33.49199,7.99908,0.0,-5e-05,0.00034,99.05701,33.51162,7.99906,-0.00049,0.00012,-6e-05,99.06345,33.4887,0.4125,0.4029,517.58,True
I75_14_05.png,low,0.000436,3.57,0.00841,500,195,7.99912,5e-05,0.00064,-0.00112,99.30369,33.48153,7.999,0.00115,0.0007,-0.00095,99.28233,33.52571,7.99907,-0.00064,0.00089,0.00066,99.29352,33.48553,7.99906,0.00018,0.00074,-0.00047,99.29318,33.49759,0.4125,0.4073,519.09,True
I76_24_02.png,low,0.000415,3.99,0.00438,1543,103,7.99916,0.00124,9e-05,-0.00065,99.3749,33.53037,7.99912,0.00043,-0.00066,-0.00155,99.35913,33.44022,7.99912,-0.00031,-0.00053,-0.00104,99.3398,33.41421,7.99913,0.00046,-0.00037,-0.00108,99.35794,33.4616,0.4039,0.4073,520.59,True
I77_02_03.png,low,0.000436,3.99,0.00794,779,24,7.9991,-0.00031,0.00052,-0.00045,98.97054,33.44749,7.9991,0.00118,-0.00056,-0.00023,98.96952,33.54605,7.99902,0.00165,-0.00146,-0.00045,98.99139,33.51872,7.99907,0.00084,-0.0005,-0.00038,98.97715,33.50409,0.4155,0.4152,518.49,True
I79_01_05.png,low,0.000449,3.57,0.00964,1005,124,7.99905,0.00011,-0.00084,0.00035,99.35862,33.49065,7.99887,-0.00065,-0.00161,0.0002,99.33929,33.51607,7.99898,0.00141,-0.00035,0.00139,99.33421,33.47763,7.99897,0.00029,-0.00094,0.00064,99.34404,33.49478,0.4121,0.4171,519.09,True
