File Name,Category,Corr_Horizontal_R_baseline,Corr_Horizontal_G_baseline,Corr_Horizontal_B_baseline,Corr_Horizontal_baseline,Corr_Horizontal_R_optimized,Corr_Horizontal_G_optimized,Corr_Horizontal_B_optimized,Corr_Horizontal_optimized,selisih_horizontal,Corr_Vertical_R_baseline,Corr_Vertical_G_baseline,Corr_Vertical_B_baseline,Corr_Vertical_baseline,Corr_Vertical_R_optimized,Corr_Vertical_G_optimized,Corr_Vertical_B_optimized,Corr_Vertical_optimized,selisih_vertical,Corr_Diagonal_R_baseline,Corr_Diagonal_G_baseline,Corr_Diagonal_B_baseline,Corr_Diagonal_baseline,Corr_Diagonal_R_optimized,Corr_Diagonal_G_optimized,Corr_Diagonal_B_optimized,Corr_Diagonal_optimized,selisih_diagonal
I04_04_01.png,high,0.0034,-0.00246,-0.00227,-0.00044,0.00079,-0.00154,-0.00033,-0.00036,7.999999999999999e-05,0.00054,0.00158,-0.00017,0.00065,-0.00013,0.0009,0.00061,0.00046,0.00018999999999999996,-0.005,7e-05,-0.00335,-0.00276,0.00074,0.00067,-0.00011,0.00044,0.0031999999999999997
I05_01_02.png,high,0.00117,0.00459,0.00108,0.00228,-5e-05,0.00023,-5e-05,4e-05,0.00224,-0.00153,0.001,0.00151,0.00033,-0.00092,-8e-05,0.00167,0.00022,0.00010999999999999999,-0.00242,-0.00087,0.00057,-0.00091,-0.00014,0.00016,-0.00038,-0.00012,0.00079
I05_20_02.png,high,0.00125,0.0013,0.00615,0.0029,-0.00083,0.00024,0.00018,-0.00014,0.0030399999999999997,0.00058,1e-05,-2e-05,0.00019,7e-05,0.00179,-6e-05,0.0006,0.00040999999999999994,0.00049,-0.00208,-0.00181,-0.00113,-1e-05,-0.00064,-7e-05,-0.00024,0.00089
I08_18_01.png,high,-5e-05,0.00067,-0.00403,-0.00114,0.00029,-0.0006,0.0003,-0.0,0.00114,0.00281,0.00334,-0.00193,0.00141,-6e-05,-0.0019,-4e-05,-0.00067,0.0020800000000000003,-0.00157,-0.00257,-0.00111,-0.00175,-0.00022,-0.00118,0.00147,2e-05,0.00177
I13_17_03.png,high,0.00019,-0.0008,-0.00134,-0.00065,-0.00152,0.00058,0.00011,-0.00028,0.00037,-0.00097,0.00137,0.00068,0.00036,0.00215,0.00033,-0.00031,0.00072,0.00036,0.00196,-0.00175,-0.00082,-0.0002,0.00042,-0.00084,-0.00062,-0.00035,0.00015
I15_19_02.png,high,-0.00018,-0.00073,-0.00211,-0.001,6e-05,0.00155,-0.00013,0.00049,0.00149,-0.00183,-0.00425,0.00035,-0.00191,-0.0001,-0.00043,2e-05,-0.00017,0.00174,0.0007,0.0003,-0.0025,-0.0005,-0.00014,0.0001,0.00244,0.0008,0.0013
I16_16_01.png,high,-8e-05,0.00341,0.00058,0.0013,-0.00237,0.00034,-0.00016,-0.00073,0.0020299999999999997,-0.0001,-0.00064,0.00274,0.00067,0.00142,-0.00053,-0.00113,-8e-05,0.00075,0.00201,-0.0028,0.00176,0.00032,-0.00034,-4e-05,0.00038,-0.0,0.00032
I16_18_05.png,high,0.00641,-0.00023,-0.00327,0.00097,-0.0006,-0.00057,-0.00048,-0.00055,0.00152,-0.00066,-0.00072,0.00058,-0.00027,-0.00056,-0.00098,-0.0004,-0.00065,0.00037999999999999997,-0.0008,-0.0008,0.00176,5e-05,0.0,8e-05,0.00119,0.00042,0.00037
I21_06_02.png,high,-0.00023,0.00214,-3e-05,0.00063,-0.00086,-7e-05,-0.00141,-0.00078,0.00141,-0.00269,-0.0033,-0.0006,-0.0022,0.00074,2e-05,-0.00117,-0.00014,0.00206,-0.00081,0.00176,-0.00017,0.00026,-0.00067,-0.00055,-0.00032,-0.00051,0.0007700000000000001
I26_04_01.png,high,0.00336,-0.00053,0.00232,0.00171,0.00099,-0.00038,0.00065,0.00042,0.00129,-0.00013,-0.00136,0.00467,0.00106,0.00116,0.00012,-3e-05,0.00042,0.0006399999999999999,-0.00315,-0.00153,0.00284,-0.00061,-0.00129,-0.00026,0.0002,-0.00045,0.00015999999999999999
I26_05_01.png,high,0.00315,-0.00257,-0.00384,-0.00109,0.00051,0.00106,-0.00012,0.00049,0.00158,-0.00319,0.00256,-0.00177,-0.0008,7e-05,0.00091,-0.00081,6e-05,0.0008600000000000001,-0.00149,0.00319,0.00056,0.00075,-2e-05,-0.00132,0.00101,-0.00011,0.00086
I27_17_04.png,high,0.00112,0.00267,0.00176,0.00185,0.00131,0.00096,0.00169,0.00132,0.0005300000000000001,-6e-05,0.00012,-0.001,-0.00032,0.00089,0.00026,0.00047,0.00054,0.0008600000000000001,-0.00224,-0.00053,-0.00202,-0.0016,-0.00013,-0.00065,0.00039,-0.00013,0.0014700000000000002
I31_14_02.png,high,-0.00563,0.00325,-0.0046,-0.00232,0.0008,0.00148,5e-05,0.00078,0.0031,-0.00168,-0.00507,-0.00128,-0.00268,0.00044,0.00091,-0.00042,0.00031,0.00299,-0.00378,0.00125,0.00185,-0.00023,7e-05,0.00061,-1e-05,0.00022,0.00045
I39_10_02.png,high,-0.00033,0.00191,-0.00042,0.00039,0.00134,-0.00134,-0.00033,-0.00011,0.0005,-0.00304,0.00089,0.0006,-0.00052,0.00071,-0.00012,0.00025,0.00028,0.0007999999999999999,-0.00168,0.00208,0.00055,0.00032,-0.00206,0.00051,-0.0002,-0.00058,0.0009
I40_16_02.png,high,0.00204,0.0019,-0.00175,0.00073,0.00041,1e-05,-0.00021,7e-05,0.00066,-0.0036,0.00076,-0.00391,-0.00225,-4e-05,-0.00013,6e-05,-4e-05,0.0022099999999999997,0.00308,-0.00031,0.00255,0.00177,-0.00077,-0.00103,0.00037,-0.00048,0.0022500000000000003
I41_22_04.png,high,0.00069,-0.00046,-0.00157,-0.00045,0.00093,0.00017,-0.00025,0.00028,0.00073,-5e-05,-0.00374,0.00235,-0.00048,-0.00017,-0.00069,-0.00303,-0.00129,0.00081,0.00325,-0.00401,0.00033,-0.00014,0.00016,9e-05,0.00087,0.00038,0.0005200000000000001
I45_10_01.png,high,0.00073,0.00137,-0.00094,0.00039,-0.00014,0.00143,-2e-05,0.00042,3.0000000000000024e-05,-0.0063,-0.00129,-0.00143,-0.00301,-3e-05,0.00091,-0.00076,4e-05,0.00305,-0.00241,0.0012,0.00425,0.00101,-0.00029,-0.0015,-0.00073,-0.00084,0.00185
I48_14_01.png,high,0.00154,-0.00013,-0.00091,0.00017,0.00031,0.00178,-0.0003,0.0006,0.00042999999999999994,-0.00215,-6e-05,-0.00323,-0.00181,0.00022,0.00059,-0.00086,-2e-05,0.00179,0.00045,-0.00123,0.00651,0.00191,0.00199,-0.00051,0.00038,0.00062,0.00129
I52_06_01.png,high,0.00106,-0.00137,-0.00042,-0.00024,-0.0008,0.00037,-0.00137,-0.0006,0.00035999999999999997,-0.00024,-0.0024,0.00217,-0.00016,0.00107,-0.0002,0.00066,0.00051,0.00067,0.00122,-0.00032,0.00068,0.00053,-0.00179,0.00082,0.00028,-0.00023,0.00076
I57_01_01.png,high,0.00015,0.00138,-0.00341,-0.00063,-0.00067,0.00054,-0.00059,-0.00024,0.00039000000000000005,0.00196,-0.00069,-0.00448,-0.00107,6e-05,-0.00212,-0.00123,-0.0011,3.000000000000008e-05,-0.00181,0.00418,0.00025,0.00087,-8e-05,-0.0007,-0.00087,-0.00055,0.00142
I57_20_01.png,high,0.00083,0.00102,-0.00106,0.00026,-9e-05,0.00142,0.00067,0.00067,0.00041000000000000005,-0.00408,0.00141,0.00297,0.0001,0.00121,0.00033,-3e-05,0.0005,0.0004,-0.00037,0.00149,0.0018,0.00098,0.00174,-0.0006,0.00086,0.00067,0.00030999999999999995
I60_25_03.png,high,0.00011,-0.00524,0.0014,-0.00124,0.00036,0.00138,0.00074,0.00083,0.00207,0.0013,0.00341,-0.00049,0.00141,-0.00012,0.00052,0.00062,0.00034,0.00107,0.00183,-0.00123,0.00105,0.00055,-0.0002,0.00216,-2e-05,0.00065,9.999999999999994e-05
I64_18_01.png,high,-0.00282,-1e-05,0.00038,-0.00082,0.00219,-0.00091,0.00128,0.00085,0.00167,0.00056,-0.00255,0.00102,-0.00032,0.00099,-0.00099,2e-05,0.0,0.00032,-0.00195,0.00213,-0.00141,-0.00041,-1e-05,0.00103,0.00031,0.00044,0.0008500000000000001
I65_09_01.png,high,-0.00046,-0.00361,-0.00168,-0.00192,0.0002,-0.0005,0.00284,0.00085,0.00277,-0.00056,-0.00387,0.00121,-0.00108,-0.00031,0.00042,-0.00023,-4e-05,0.00104,0.00179,-0.00269,-0.00109,-0.00066,0.00098,4e-05,0.00012,0.00038,0.0010400000000000001
I69_20_04.png,high,-0.00048,0.0008,-0.0024,-0.0007,-0.00017,0.00103,-0.00028,0.00019,0.00089,-0.00148,-0.00101,0.00073,-0.00059,-0.00024,0.00086,0.00014,0.00026,0.0008500000000000001,-0.00214,0.00242,0.00159,0.00062,-0.0006,-0.0011,0.00014,-0.00052,0.00114
I70_08_02.png,high,0.00185,-0.00052,0.00175,0.00103,8e-05,0.0014,-0.00053,0.00032,0.0007100000000000001,0.00075,0.00138,-0.00274,-0.00021,0.0007,-0.0005,-0.00188,-0.00056,0.00034999999999999994,-0.00206,0.00123,-0.00125,-0.00069,0.0,0.00039,0.00196,0.00078,0.00147
I73_10_02.png,high,0.00477,3e-05,0.00032,0.00171,0.00201,-0.00236,-0.00042,-0.00026,0.00197,0.00172,-0.00126,0.00093,0.00046,7e-05,0.00017,-0.0002,1e-05,0.00045,3e-05,0.00029,-0.00395,-0.00121,-0.00106,-0.00093,-0.00085,-0.00094,0.00026999999999999995
I78_03_01.png,high,-0.00371,-0.00117,0.00158,-0.0011,0.00159,-0.0021,-0.00042,-0.00031,0.0007900000000000001,-0.00133,-0.00177,-0.00143,-0.00151,5e-05,-6e-05,0.00124,0.00041,0.00192,7e-05,0.00017,-0.00103,-0.00026,-0.00024,-2e-05,0.00024,-1e-05,0.00024999999999999995
I80_18_02.png,high,0.0017,0.00121,-0.00353,-0.00021,2e-05,7e-05,-0.00013,-2e-05,0.00019,-0.00065,-0.00028,-0.00226,-0.00106,-0.00209,3e-05,0.00013,-0.00064,0.0004199999999999999,0.00142,-0.00234,-0.002,-0.00097,0.00031,-0.00096,-0.00064,-0.00043,0.0005400000000000001
I81_18_03.png,high,0.00112,-0.00153,-0.0003,-0.00024,0.00027,-0.00155,-0.00093,-0.00073,0.00049,-0.00424,0.00353,0.00222,0.0005,0.00029,-8e-05,-0.00049,-9e-05,0.00059,-0.00391,0.00349,-0.00487,-0.00176,0.00129,-0.00053,-0.00018,0.00019,0.0019500000000000001
I01_25_05.png,medium,-0.00102,-0.00573,0.00188,-0.00162,-0.00084,-0.00065,-0.00069,-0.00073,0.00089,-0.002,-0.00036,-0.00094,-0.0011,0.00011,0.00018,-0.00086,-0.00019,0.00091,0.00322,-0.00332,0.00026,5e-05,0.00011,-0.00135,6e-05,-0.00039,0.00044
I02_14_02.png,medium,-0.00035,-0.00138,0.00039,-0.00045,0.00066,-0.00081,1e-05,-5e-05,0.00039999999999999996,-2e-05,-0.00129,0.00056,-0.00025,0.00062,0.00025,-0.00019,0.00023,0.00048,0.00055,-0.00251,-0.00131,-0.00109,-0.00152,0.00176,0.0,8e-05,0.00117
I04_14_03.png,medium,-0.00058,0.0014,0.00049,0.00043,0.00039,-0.00176,6e-05,-0.00043,0.00086,-0.0029,0.0021,-0.00117,-0.00066,-0.0013,0.00022,0.00027,-0.00027,0.00039,-0.00088,-0.00283,-0.0011,-0.0016,0.00111,-0.0012,-0.00062,-0.00024,0.00136
I04_21_04.png,medium,-0.00121,9e-05,0.00189,0.00025,0.00022,0.001,-0.00158,-0.00012,0.00037,0.00232,0.0021,-0.00301,0.00047,-0.00042,0.00046,-0.00036,-0.00011,0.00058,-0.00017,-0.00224,-0.00056,-0.00099,0.00027,0.00016,-0.00048,-2e-05,0.0009699999999999999
I05_13_02.png,medium,0.00162,-0.00203,-0.00125,-0.00055,-0.00058,-0.00133,-0.00046,-0.00079,0.00023999999999999998,-0.0026,-0.00286,-0.00252,-0.00266,-0.00035,0.00064,-0.00163,-0.00045,0.00221,1e-05,0.00025,-0.00085,-0.0002,-0.00122,0.00051,0.00024,-0.00016,3.9999999999999996e-05
I06_11_04.png,medium,-0.00112,0.00246,-0.00287,-0.00051,-0.00065,0.00108,0.00077,0.0004,0.00091,-0.00016,-0.00196,0.00293,0.00027,-0.0,-0.00072,0.00232,0.00053,0.00026,-0.00026,0.00266,0.00112,0.00117,0.00034,0.00017,0.00067,0.00039,0.0007800000000000001
I09_02_01.png,medium,0.00573,2e-05,-0.00285,0.00097,-0.00013,0.0,0.00069,0.00019,0.0007800000000000001,-0.00273,-0.00165,0.00309,-0.00043,0.00057,-0.00035,-0.00115,-0.00031,0.00011999999999999999,0.00461,0.00309,-0.00525,0.00082,-0.00114,-0.00056,-0.00105,-0.00091,0.00173
I10_25_02.png,medium,0.00232,0.00343,-0.00234,0.00114,-0.00027,-0.00061,-0.00176,-0.00088,0.00202,0.00154,0.00028,-0.00165,6e-05,-0.00135,0.00039,-0.00029,-0.00042,0.00048,-0.00107,-0.0005,-0.00081,-0.00079,0.0004,-2e-05,-0.00057,-6e-05,0.00073
I19_25_05.png,medium,0.00167,-0.00065,0.00475,0.00193,-0.00052,0.0002,0.00043,4e-05,0.00189,-0.00018,-0.00403,0.00181,-0.0008,0.00156,-0.00027,0.00026,0.00052,0.00132,-0.00271,-0.00288,0.00136,-0.00141,-0.00014,-0.00064,-0.00079,-0.00052,0.0008900000000000001
I23_08_02.png,medium,-0.00072,0.0064,0.00178,0.00249,0.0005,-1e-05,-0.00017,0.00011,0.00238,0.002,-0.00096,0.00304,0.00136,-0.00038,0.00129,-0.00029,0.00021,0.00115,-2e-05,0.00026,-0.00219,-0.00065,0.00065,-0.00048,0.00187,0.00068,0.00133
I24_25_05.png,medium,-0.00081,-0.00162,-0.00136,-0.00126,0.00061,2e-05,-0.0007,-2e-05,0.00124,0.00278,0.0008,0.00119,0.00159,4e-05,0.00087,-0.00032,0.0002,0.00139,-0.00051,-0.00011,-0.0048,-0.00181,0.0031,0.00022,-9e-05,0.00108,0.00289
I32_05_02.png,medium,0.00506,-0.00072,-0.00344,0.0003,0.00079,0.00023,-0.001,1e-05,0.00028999999999999995,-0.00159,0.00182,-0.00218,-0.00065,0.00114,-0.00117,-0.00036,-0.00013,0.00052,0.00106,-0.00108,0.00122,0.0004,-0.00075,0.00081,-0.00065,-0.0002,0.0006000000000000001
I32_16_03.png,medium,0.00026,-0.00131,0.00134,0.0001,-0.00106,0.00093,-0.00027,-0.00013,0.00023,-0.00157,0.001,0.00182,0.00042,-5e-05,-0.00086,-0.00068,-0.00053,0.00095,0.00017,-0.00148,0.00059,-0.00024,-0.00078,0.00051,0.00191,0.00055,0.00079
I37_11_01.png,medium,-0.00113,0.00482,-0.00061,0.00103,-0.00063,0.00182,0.00022,0.00047,0.0005600000000000002,-0.00109,-0.00124,0.00013,-0.00073,0.00015,0.00057,0.00015,0.00029,0.00102,-0.00075,0.00082,0.00191,0.00066,0.00066,0.0004,-0.00047,0.0002,0.00046
I44_07_01.png,medium,-0.00295,0.00362,0.00098,0.00055,0.00175,0.00177,0.00036,0.00129,0.0007399999999999999,0.00367,-0.00186,0.00126,0.00103,-0.00179,-1e-05,-0.00017,-0.00066,0.00169,0.0061,0.00057,-0.00016,0.00217,0.00027,-0.00011,0.00052,0.00023,0.00194
I44_13_04.png,medium,0.00117,-0.00182,-0.00245,-0.00103,0.00012,0.00051,0.00012,0.00025,0.00128,-0.00105,0.00228,-0.00038,0.00029,0.00204,0.00012,-0.00048,0.00056,0.00026999999999999995,0.00147,0.00461,0.00436,0.00348,0.00012,0.00257,0.00032,0.001,0.00248
I48_13_03.png,medium,-0.00319,0.00311,0.00398,0.0013,-0.00068,-0.0007,2e-05,-0.00046,0.0017599999999999998,-0.00478,-0.00217,0.0001,-0.00228,0.00126,0.00075,-0.00064,0.00045,0.00273,0.00288,0.00098,0.00092,0.00159,-0.00034,0.00157,-0.00069,0.00018,0.00141
I49_08_04.png,medium,-0.00288,4e-05,-0.00069,-0.00118,-0.00044,2e-05,0.00092,0.00017,0.00135,-0.00398,-0.00029,-0.00107,-0.00178,0.00026,6e-05,0.0035,0.00127,0.0030499999999999998,0.00155,-0.00031,-0.00133,-3e-05,5e-05,-0.00049,0.00089,0.00015,0.00017999999999999998
I53_21_03.png,medium,-0.00266,0.00219,-0.00354,-0.00134,-0.00026,0.00079,0.00095,0.00049,0.00183,-0.0023,0.00498,0.00091,0.00119,-0.00091,7e-05,0.00138,0.00018,0.00101,0.00038,-0.00087,-0.0007,-0.0004,-0.00122,0.00103,0.00082,0.00021,0.0006100000000000001
I56_25_04.png,medium,-0.00164,0.00055,-5e-05,-0.00038,8e-05,-0.00028,0.00031,4e-05,0.00042,0.00075,0.00272,-0.00187,0.00053,0.00046,-0.00108,-0.00082,-0.00048,0.00101,-0.00066,-0.00217,0.00161,-0.00041,0.00066,0.00043,-0.00116,-2e-05,0.00039
I57_16_03.png,medium,0.00169,0.00056,-0.00355,-0.00043,-0.00049,-0.00028,0.00105,9e-05,0.00052,-0.00232,0.00301,0.00125,0.00065,0.0003,-0.0009,0.0004,-7e-05,0.0007199999999999999,-0.00038,0.00196,-0.00183,-8e-05,0.00149,-0.00105,0.00022,0.00022,0.00030000000000000003
I60_13_04.png,medium,0.00052,-0.00147,-0.00152,-0.00082,-0.00159,-0.00046,-0.00054,-0.00086,3.9999999999999996e-05,-0.00353,0.00024,0.00222,-0.00036,-0.00107,-5e-05,0.00055,-0.00019,0.00017,0.00043,0.00246,-0.00022,0.00089,-0.00164,-0.00103,-0.00029,-0.00099,0.00188
I61_22_05.png,medium,0.0039,0.00304,-0.00139,0.00185,0.0004,-0.00062,0.00029,2e-05,0.00183,-0.00018,-0.00204,-0.00086,-0.00103,-0.00109,-0.00154,-0.00016,-0.00093,0.00010000000000000005,-0.00085,0.00043,0.00238,0.00065,-0.00019,5e-05,-0.00069,-0.00028,0.0009299999999999999
I62_12_04.png,medium,0.00148,-0.00197,0.00045,-1e-05,-0.00031,0.00127,0.00037,0.00044,0.00045000000000000004,0.00142,0.00024,-0.00222,-0.00019,0.00065,-0.00164,0.0011,3e-05,0.00022,0.00256,0.00014,0.00254,0.00175,0.00069,-0.00066,-1e-05,0.0,0.00175
I65_13_01.png,medium,0.002,-0.00074,0.0001,0.00045,3e-05,-0.00017,-0.00138,-0.00051,0.00096,0.00021,0.00082,0.00278,0.00127,-0.00023,-0.00032,0.00083,0.0001,0.00117,-0.00269,3e-05,0.00114,-0.00051,0.00224,0.00072,0.00055,0.00117,0.00168
I71_12_02.png,medium,0.00035,-0.0026,0.00048,-0.00059,0.00027,-0.00022,-3e-05,0.0,0.00059,-0.00033,-0.00166,0.00155,-0.00015,0.00163,0.00175,-0.00046,0.00098,0.00113,-0.00217,0.00254,0.00091,0.00043,0.00126,0.00096,-3e-05,0.00073,0.0003
I73_03_03.png,medium,0.00413,-0.00097,-0.00171,0.00048,0.00016,6e-05,-0.00085,-0.00021,0.0006900000000000001,-0.00059,-0.00188,0.00025,-0.00074,0.00042,-0.00051,-8e-05,-6e-05,0.0006799999999999999,0.0017,0.00168,0.00354,0.00231,-0.00052,0.00011,-0.00217,-0.00086,0.00317
I75_07_01.png,medium,0.00213,0.00092,4e-05,0.00103,0.00027,0.00098,0.00122,0.00082,0.00021000000000000012,8e-05,-0.00399,0.00185,-0.00069,0.00134,-0.00044,-0.00012,0.00026,0.0009499999999999999,0.00301,-3e-05,-0.00096,0.00068,0.00118,0.00146,0.00029,0.00097,0.00029
I79_05_04.png,medium,-0.00356,-0.0008,0.00049,-0.00129,0.00072,0.00071,-0.00014,0.00043,0.00172,-0.00064,-0.00432,-0.00119,-0.00205,-0.00023,0.00162,-0.00028,0.00037,0.0024200000000000003,-0.00216,0.00179,0.00196,0.00053,-0.00028,2e-05,-0.00199,-0.00075,0.0012799999999999999
I81_13_01.png,medium,-0.00301,0.00421,0.0011,0.00077,0.00059,0.00062,-0.00073,0.00016,0.00061,0.00444,0.00125,-0.00255,0.00105,-0.00022,0.00106,-0.00091,-2e-05,0.00107,-0.00065,0.00252,0.00069,0.00085,0.00011,0.00176,0.0006,0.00082,2.999999999999997e-05
I02_01_05.png,low,-0.00309,0.00295,-0.00075,-0.0003,0.00054,-0.00018,0.00033,0.00023,0.00053,0.00214,0.0007,-0.00466,-0.00061,-0.00052,-0.0005,-0.00155,-0.00086,0.00025,-0.0022,0.00054,-0.00213,-0.00126,0.0028,-0.00122,8e-05,0.00055,0.00181
I02_08_04.png,low,-0.00153,-0.00039,-0.00354,-0.00182,0.00088,0.00023,-0.00167,-0.00019,0.00163,0.00112,-0.00094,-0.00689,-0.00224,0.00034,-0.00148,0.00062,-0.00017,0.00207,0.00246,-0.0003,0.00079,0.00098,-0.00077,-0.00027,-0.00116,-0.00073,0.00171
I05_03_05.png,low,0.00204,-0.00018,0.00141,0.00109,0.00022,0.00035,-0.0002,0.00012,0.00097,0.00326,0.00254,0.00338,0.00306,-0.00136,0.00038,0.00055,-0.00014,0.0031999999999999997,3e-05,-0.00273,-0.00214,-0.00161,-0.00149,0.0017,-0.00047,-9e-05,0.00152
I08_04_04.png,low,0.00098,-0.00224,0.00225,0.00033,-0.00057,-0.00022,0.00123,0.00015,0.00018,-0.00024,-0.00082,-0.00052,-0.00053,1e-05,-0.00299,2e-05,-0.00099,0.00046,0.0009,-0.00333,0.00469,0.00075,0.00092,-0.00036,0.00042,0.00033,0.00042
I10_01_04.png,low,0.0007,0.00097,-0.00114,0.00018,0.00051,-0.00088,2e-05,-0.00011,0.00029,-0.00064,-0.00082,0.00503,0.00119,-0.00012,0.00037,-0.00099,-0.00025,0.00144,0.00182,0.00046,0.00359,0.00196,-0.00013,-0.00069,-0.00031,-0.00038,0.00234
I11_02_04.png,low,0.00393,-0.0012,0.0026,0.00177,-6e-05,-7e-05,0.00152,0.00047,0.0013000000000000002,-0.00256,0.00253,0.00135,0.00044,0.00115,-0.00156,0.00033,-3e-05,0.00047000000000000004,-0.00194,-0.00088,0.00423,0.00047,0.00013,0.00055,0.00077,0.00048,1.0000000000000026e-05
I18_07_02.png,low,-0.00204,-0.00113,0.00045,-0.00091,-0.00082,-0.0001,0.00082,-3e-05,0.00088,-0.00126,0.00195,-0.00073,-1e-05,-0.00024,-0.00172,0.00196,-0.0,1e-05,-0.00026,-0.00085,0.00332,0.00074,9e-05,0.0005,0.00025,0.00028,0.00046
I18_12_05.png,low,0.00198,-0.00155,0.00158,0.00067,0.00034,-0.00204,-0.00121,-0.00097,0.00164,0.00055,-0.00064,-0.00207,-0.00072,-0.00022,0.00184,-0.00074,0.0003,0.00102,0.0021,0.00037,0.00181,0.00143,0.00029,-1e-05,8e-05,0.00012,0.00131
I20_13_04.png,low,0.00067,-0.00058,9e-05,6e-05,-0.0001,-0.0,0.00101,0.0003,0.00023999999999999998,0.00086,-0.00015,-0.00155,-0.00028,-0.00016,0.00062,0.00046,0.00031,0.00059,0.00233,-0.00258,0.00092,0.00022,-0.00116,0.00053,-0.00078,-0.00047,0.00069
I21_04_04.png,low,-0.00022,0.00135,-0.00116,-1e-05,0.00077,0.00034,0.00123,0.00078,0.00079,-0.00106,-0.00237,-0.00196,-0.0018,0.00059,-0.00029,-0.00175,-0.00048,0.00132,-0.00194,-0.00017,-0.0003,-0.0008,0.00088,-0.00043,-0.00017,9e-05,0.0008900000000000001
I27_21_05.png,low,0.00427,0.00341,-0.00374,0.00131,0.00028,0.00019,-0.00148,-0.00034,0.00165,-0.00144,-0.00078,-0.0011,-0.00111,0.00016,-0.00017,0.0003,0.0001,0.0012100000000000001,0.00239,-0.00091,0.00129,0.00092,0.00047,-0.00046,0.00061,0.00021,0.00071
I29_03_05.png,low,-0.00217,0.00212,0.00656,0.00217,0.0009,0.00195,-0.0006,0.00075,0.00142,-0.0024,-0.00066,0.00017,-0.00096,-0.00177,0.00113,9e-05,-0.00018,0.00078,0.00126,0.00082,0.0026,0.00156,-0.00099,-0.00061,1e-05,-0.00053,0.00209
I33_14_03.png,low,0.00141,0.00122,-0.00724,-0.00154,-0.00081,-0.00128,-0.0016,-0.00123,0.00030999999999999995,0.00208,0.00134,-0.00048,0.00098,-0.00072,7e-05,7e-05,-0.00019,0.00117,0.00094,0.00109,0.00235,0.00146,0.00067,-0.00059,0.0002,0.0001,0.0013599999999999999
I39_21_03.png,low,-0.00038,0.00061,0.0011,0.00044,-0.00022,0.00055,0.00161,0.00065,0.00020999999999999995,0.00199,0.00015,-0.00169,0.00015,0.0014,0.00035,-0.0002,0.00052,0.00037,0.00402,-0.00224,-0.00147,0.0001,-0.00013,0.00072,0.00164,0.00074,0.0006399999999999999
I40_19_05.png,low,0.00315,0.00167,-0.00039,0.00148,-0.00163,-0.00153,0.00105,-0.0007,0.00218,-0.00109,0.00313,-0.00203,0.0,0.00055,0.00098,-8e-05,0.00048,0.00048,0.00332,0.00049,-0.00021,0.0012,-0.00031,0.00015,-0.00029,-0.00015,0.0013499999999999999
I41_02_05.png,low,0.00165,0.00068,0.00138,0.00124,-0.00022,0.00097,-0.00063,4e-05,0.0012,-0.00355,-0.00148,0.00261,-0.00081,-0.00152,0.00138,8e-05,-2e-05,0.0007899999999999999,0.00052,-0.00093,0.00211,0.00057,0.00096,-3e-05,-9e-05,0.00028,0.00029
I41_16_04.png,low,-0.00129,0.00271,-0.00216,-0.00025,-5e-05,-0.00059,3e-05,-0.0002,4.9999999999999996e-05,-0.0018,-0.00201,0.00094,-0.00096,-0.00094,0.00155,-0.00115,-0.00018,0.00078,0.00454,0.00299,-0.0011,0.00214,0.00043,0.00058,-0.00152,-0.00017,0.00231
I44_03_05.png,low,0.0022,0.00272,-0.00013,0.0016,-0.00073,-0.0001,0.00078,-2e-05,0.0016200000000000001,-0.00119,-0.00234,0.00331,-7e-05,9e-05,0.00079,-0.00139,-0.00017,0.00010000000000000002,0.00357,0.00286,0.00063,0.00235,0.00263,0.00079,0.00022,0.00121,0.0011400000000000002
I44_15_03.png,low,0.00106,0.00261,0.0001,0.00125,-0.00177,0.00105,-0.00024,-0.00032,0.00157,0.00296,-0.0006,0.00197,0.00144,0.00107,0.00026,0.00024,0.00052,0.0009200000000000001,-0.00125,0.00166,0.00213,0.00085,-0.00088,-0.00069,0.00017,-0.00047,0.00132
I48_23_04.png,low,0.00428,0.00268,0.00016,0.00237,0.00133,-0.00021,-0.00221,-0.00036,0.0027300000000000002,-0.00141,-0.0021,0.00121,-0.00077,-0.0,-4e-05,1e-05,-1e-05,0.0007599999999999999,-0.00166,0.00024,0.00091,-0.00017,-0.00025,-0.00116,-0.0007,-0.00071,0.00054
I50_07_03.png,low,0.00056,0.00016,-0.0023,-0.00053,0.00014,0.00018,-0.0007,-0.00013,0.00039999999999999996,-0.00053,0.00238,-0.00389,-0.00068,-0.00022,-0.00053,1e-05,-0.00025,0.00043000000000000004,-0.00033,-0.00117,0.00312,0.00054,0.00055,-0.00036,0.00203,0.00074,0.00019999999999999998
I56_16_05.png,low,0.00251,-0.0048,0.00121,-0.00036,-0.00105,-0.00082,-0.00094,-0.00094,0.00058,-0.00127,0.00565,-0.00201,0.00079,-0.00155,-0.00078,0.00014,-0.00073,0.00152,0.00225,0.00186,-0.0022,0.00064,0.00021,0.00041,-0.00019,0.00014,0.0005
I61_02_04.png,low,0.00046,0.0019,0.00149,0.00128,0.00021,0.00195,1e-05,0.00072,0.0005600000000000001,-0.00156,-0.00234,-0.00315,-0.00235,-0.00037,0.00052,0.0005,0.00022,0.0025700000000000002,0.00043,-0.00386,0.00047,-0.00099,0.00021,0.00078,0.00016,0.00038,0.0013700000000000001
I66_10_04.png,low,0.0027,0.00352,0.00295,0.00305,0.0007,0.00123,0.00097,0.00096,0.0020900000000000003,-0.00328,0.00188,-0.00376,-0.00172,-0.00023,-0.00066,-0.00019,-0.00036,0.0013599999999999999,-0.00193,-0.00203,-0.00348,-0.00248,-0.00072,-0.00132,0.00028,-0.00059,0.00189
I73_10_05.png,low,-0.00058,-0.00243,0.0037,0.00023,-0.00025,-0.00257,-0.00115,-0.00133,0.00156,-0.00131,-0.00142,-0.00028,-0.001,-0.00049,0.00058,-0.00055,-0.00015,0.0008500000000000001,-0.0,0.00155,0.00212,0.00122,-0.00035,-0.00022,-0.00078,-0.00045,0.00167
I74_04_04.png,low,0.00359,-0.00049,-0.00089,0.00074,-0.0002,-0.00064,0.00015,-0.00023,0.0009699999999999999,0.00172,0.00178,0.00072,0.00141,-2e-05,-0.00258,0.00011,-0.00083,0.00224,-0.00173,0.00185,-0.00115,-0.00034,-8e-05,-0.00095,0.00077,-9e-05,0.00025
I75_14_05.png,low,-0.00211,-0.00092,0.00118,-0.00061,0.00048,-6e-05,-0.00088,-0.00015,0.00046,0.00052,0.00163,0.00232,0.00149,-0.00029,0.00033,-0.00068,-0.00021,0.0017000000000000001,-0.00535,-0.00107,-0.00118,-0.00253,-0.00128,0.00046,-0.00225,-0.00102,0.00151
I76_24_02.png,low,0.00093,0.00139,-0.00345,-0.00037,0.00075,-0.00033,-0.00058,-6e-05,0.00031,0.00031,0.00124,0.00308,0.00154,0.00178,3e-05,0.0003,0.00071,0.0008299999999999999,-0.0011,0.00113,-0.00168,-0.00055,-0.00086,-0.00061,-2e-05,-0.0005,5.000000000000002e-05
I77_02_03.png,low,-0.0006,-0.00012,-0.00023,-0.00032,-0.00179,0.00111,-0.00091,-0.00053,0.00020999999999999995,-0.00048,0.00154,-0.00074,0.00011,-0.00059,0.00048,-0.00021,-0.0001,0.00021,-0.00125,-0.00141,0.00054,-0.00071,0.00064,-0.00052,0.00011,8e-05,0.00079
I79_01_05.png,low,-0.00135,-0.00385,-0.00254,-0.00258,0.00087,-0.00107,-0.00079,-0.00033,0.00225,0.00296,-0.00126,0.00557,0.00242,0.00034,-0.00096,-0.00064,-0.00042,0.0028399999999999996,0.0053,-0.00183,0.00175,0.00174,0.00014,-9e-05,0.00125,0.00043,0.00131
